week,site,topic_type,target_keyword,suggested_url,brief
1,"K1 Agent Notes","guide","k1 game agent android setup","/guides/k1-game-agent-android-setup/","Write a unique agent article with original screenshots, local examples, FAQ, and internal links. Do not reuse the same article structure across domains."
2,"K1 Agent Notes","guide","k1 game referral code new user guide","/guides/k1-game-referral-code-new-user-guide/","Write a unique agent article with original screenshots, local examples, FAQ, and internal links. Do not reuse the same article structure across domains."
3,"K1 Agent Notes","comparison","k1 game invitation code Pakistan mobile users","/guides/k1-game-invitation-code-pakistan-mobile-users/","Write a unique agent article with original screenshots, local examples, FAQ, and internal links. Do not reuse the same article structure across domains."
4,"K1 Agent Notes","faq","k1 game bonus common mistake","/guides/k1-game-bonus-common-mistake/","Write a unique agent article with original screenshots, local examples, FAQ, and internal links. Do not reuse the same article structure across domains."
5,"K1 Agent Notes","refresh","k1 game turnover condition safe checklist","/guides/k1-game-turnover-condition-safe-checklist/","Write a unique agent article with original screenshots, local examples, FAQ, and internal links. Do not reuse the same article structure across domains."
6,"K1 Agent Notes","comparison","k1 game cashback step by step","/guides/k1-game-cashback-step-by-step/","Write a unique agent article with original screenshots, local examples, FAQ, and internal links. Do not reuse the same article structure across domains."
7,"K1 Agent Notes","guide","k1 game agent vs referral FAQ update","/guides/k1-game-agent-vs-referral-faq-update/","Write a unique agent article with original screenshots, local examples, FAQ, and internal links. Do not reuse the same article structure across domains."
8,"K1 Agent Notes","faq","k1 game commission weekly review","/guides/k1-game-commission-weekly-review/","Write a unique agent article with original screenshots, local examples, FAQ, and internal links. Do not reuse the same article structure across domains."
9,"K1 Agent Notes","comparison","k1 game promo comparison notes","/guides/k1-game-promo-comparison-notes/","Write a unique agent article with original screenshots, local examples, FAQ, and internal links. Do not reuse the same article structure across domains."
10,"K1 Agent Notes","refresh","k1 game bonus red flags support evidence","/guides/k1-game-bonus-red-flags-support-evidence/","Write a unique agent article with original screenshots, local examples, FAQ, and internal links. Do not reuse the same article structure across domains."
11,"K1 Agent Notes","guide","k1 game agent faq device compatibility","/guides/k1-game-agent-faq-device-compatibility/","Write a unique agent article with original screenshots, local examples, FAQ, and internal links. Do not reuse the same article structure across domains."
12,"K1 Agent Notes","faq","k1 game agent notes error fix","/guides/k1-game-agent-notes-error-fix/","Write a unique agent article with original screenshots, local examples, FAQ, and internal links. Do not reuse the same article structure across domains."
13,"K1 Agent Notes","guide","k1 game agent June update","/guides/k1-game-agent-june-update/","Write a unique agent article with original screenshots, local examples, FAQ, and internal links. Do not reuse the same article structure across domains."
14,"K1 Agent Notes","guide","k1 game referral code July update","/guides/k1-game-referral-code-july-update/","Write a unique agent article with original screenshots, local examples, FAQ, and internal links. Do not reuse the same article structure across domains."
15,"K1 Agent Notes","refresh","k1 game invitation code 2026 refresh","/guides/k1-game-invitation-code-2026-refresh/","Write a unique agent article with original screenshots, local examples, FAQ, and internal links. Do not reuse the same article structure across domains."
16,"K1 Agent Notes","faq","k1 game bonus android setup","/guides/k1-game-bonus-android-setup/","Write a unique agent article with original screenshots, local examples, FAQ, and internal links. Do not reuse the same article structure across domains."
17,"K1 Agent Notes","guide","k1 game turnover condition new user guide","/guides/k1-game-turnover-condition-new-user-guide/","Write a unique agent article with original screenshots, local examples, FAQ, and internal links. Do not reuse the same article structure across domains."
18,"K1 Agent Notes","comparison","k1 game cashback Pakistan mobile users","/guides/k1-game-cashback-pakistan-mobile-users/","Write a unique agent article with original screenshots, local examples, FAQ, and internal links. Do not reuse the same article structure across domains."
19,"K1 Agent Notes","guide","k1 game agent vs referral common mistake","/guides/k1-game-agent-vs-referral-common-mistake/","Write a unique agent article with original screenshots, local examples, FAQ, and internal links. Do not reuse the same article structure across domains."
20,"K1 Agent Notes","refresh","k1 game commission safe checklist","/guides/k1-game-commission-safe-checklist/","Write a unique agent article with original screenshots, local examples, FAQ, and internal links. Do not reuse the same article structure across domains."
21,"K1 Agent Notes","comparison","k1 game promo step by step","/guides/k1-game-promo-step-by-step/","Write a unique agent article with original screenshots, local examples, FAQ, and internal links. Do not reuse the same article structure across domains."
22,"K1 Agent Notes","guide","k1 game bonus red flags FAQ update","/guides/k1-game-bonus-red-flags-faq-update/","Write a unique agent article with original screenshots, local examples, FAQ, and internal links. Do not reuse the same article structure across domains."
23,"K1 Agent Notes","guide","k1 game agent faq weekly review","/guides/k1-game-agent-faq-weekly-review/","Write a unique agent article with original screenshots, local examples, FAQ, and internal links. Do not reuse the same article structure across domains."
24,"K1 Agent Notes","faq","k1 game agent notes comparison notes","/guides/k1-game-agent-notes-comparison-notes/","Write a unique agent article with original screenshots, local examples, FAQ, and internal links. Do not reuse the same article structure across domains."
25,"K1 Agent Notes","refresh","k1 game agent support evidence","/guides/k1-game-agent-support-evidence/","Write a unique agent article with original screenshots, local examples, FAQ, and internal links. Do not reuse the same article structure across domains."
26,"K1 Agent Notes","guide","k1 game referral code device compatibility","/guides/k1-game-referral-code-device-compatibility/","Write a unique agent article with original screenshots, local examples, FAQ, and internal links. Do not reuse the same article structure across domains."
27,"K1 Agent Notes","comparison","k1 game invitation code error fix","/guides/k1-game-invitation-code-error-fix/","Write a unique agent article with original screenshots, local examples, FAQ, and internal links. Do not reuse the same article structure across domains."
28,"K1 Agent Notes","faq","k1 game bonus June update","/guides/k1-game-bonus-june-update/","Write a unique agent article with original screenshots, local examples, FAQ, and internal links. Do not reuse the same article structure across domains."
29,"K1 Agent Notes","guide","k1 game turnover condition July update","/guides/k1-game-turnover-condition-july-update/","Write a unique agent article with original screenshots, local examples, FAQ, and internal links. Do not reuse the same article structure across domains."
30,"K1 Agent Notes","refresh","k1 game cashback 2026 refresh","/guides/k1-game-cashback-2026-refresh/","Write a unique agent article with original screenshots, local examples, FAQ, and internal links. Do not reuse the same article structure across domains."
31,"K1 Agent Notes","guide","k1 game agent vs referral android setup","/guides/k1-game-agent-vs-referral-android-setup/","Write a unique agent article with original screenshots, local examples, FAQ, and internal links. Do not reuse the same article structure across domains."
32,"K1 Agent Notes","faq","k1 game commission new user guide","/guides/k1-game-commission-new-user-guide/","Write a unique agent article with original screenshots, local examples, FAQ, and internal links. Do not reuse the same article structure across domains."
33,"K1 Agent Notes","comparison","k1 game promo Pakistan mobile users","/guides/k1-game-promo-pakistan-mobile-users/","Write a unique agent article with original screenshots, local examples, FAQ, and internal links. Do not reuse the same article structure across domains."
34,"K1 Agent Notes","guide","k1 game bonus red flags common mistake","/guides/k1-game-bonus-red-flags-common-mistake/","Write a unique agent article with original screenshots, local examples, FAQ, and internal links. Do not reuse the same article structure across domains."
35,"K1 Agent Notes","refresh","k1 game agent faq safe checklist","/guides/k1-game-agent-faq-safe-checklist/","Write a unique agent article with original screenshots, local examples, FAQ, and internal links. Do not reuse the same article structure across domains."
36,"K1 Agent Notes","faq","k1 game agent notes step by step","/guides/k1-game-agent-notes-step-by-step/","Write a unique agent article with original screenshots, local examples, FAQ, and internal links. Do not reuse the same article structure across domains."
37,"K1 Agent Notes","guide","k1 game agent FAQ update","/guides/k1-game-agent-faq-update/","Write a unique agent article with original screenshots, local examples, FAQ, and internal links. Do not reuse the same article structure across domains."
38,"K1 Agent Notes","guide","k1 game referral code weekly review","/guides/k1-game-referral-code-weekly-review/","Write a unique agent article with original screenshots, local examples, FAQ, and internal links. Do not reuse the same article structure across domains."
39,"K1 Agent Notes","comparison","k1 game invitation code comparison notes","/guides/k1-game-invitation-code-comparison-notes/","Write a unique agent article with original screenshots, local examples, FAQ, and internal links. Do not reuse the same article structure across domains."
40,"K1 Agent Notes","refresh","k1 game bonus support evidence","/guides/k1-game-bonus-support-evidence/","Write a unique agent article with original screenshots, local examples, FAQ, and internal links. Do not reuse the same article structure across domains."
41,"K1 Agent Notes","guide","k1 game turnover condition device compatibility","/guides/k1-game-turnover-condition-device-compatibility/","Write a unique agent article with original screenshots, local examples, FAQ, and internal links. Do not reuse the same article structure across domains."
42,"K1 Agent Notes","comparison","k1 game cashback error fix","/guides/k1-game-cashback-error-fix/","Write a unique agent article with original screenshots, local examples, FAQ, and internal links. Do not reuse the same article structure across domains."
43,"K1 Agent Notes","guide","k1 game agent vs referral June update","/guides/k1-game-agent-vs-referral-june-update/","Write a unique agent article with original screenshots, local examples, FAQ, and internal links. Do not reuse the same article structure across domains."
44,"K1 Agent Notes","faq","k1 game commission July update","/guides/k1-game-commission-july-update/","Write a unique agent article with original screenshots, local examples, FAQ, and internal links. Do not reuse the same article structure across domains."
45,"K1 Agent Notes","refresh","k1 game promo 2026 refresh","/guides/k1-game-promo-2026-refresh/","Write a unique agent article with original screenshots, local examples, FAQ, and internal links. Do not reuse the same article structure across domains."
46,"K1 Agent Notes","guide","k1 game bonus red flags android setup","/guides/k1-game-bonus-red-flags-android-setup/","Write a unique agent article with original screenshots, local examples, FAQ, and internal links. Do not reuse the same article structure across domains."
47,"K1 Agent Notes","guide","k1 game agent faq new user guide","/guides/k1-game-agent-faq-new-user-guide/","Write a unique agent article with original screenshots, local examples, FAQ, and internal links. Do not reuse the same article structure across domains."
48,"K1 Agent Notes","faq","k1 game agent notes Pakistan mobile users","/guides/k1-game-agent-notes-pakistan-mobile-users/","Write a unique agent article with original screenshots, local examples, FAQ, and internal links. Do not reuse the same article structure across domains."
49,"K1 Agent Notes","guide","k1 game agent common mistake","/guides/k1-game-agent-common-mistake/","Write a unique agent article with original screenshots, local examples, FAQ, and internal links. Do not reuse the same article structure across domains."
50,"K1 Agent Notes","refresh","k1 game referral code safe checklist","/guides/k1-game-referral-code-safe-checklist/","Write a unique agent article with original screenshots, local examples, FAQ, and internal links. Do not reuse the same article structure across domains."
51,"K1 Agent Notes","comparison","k1 game invitation code step by step","/guides/k1-game-invitation-code-step-by-step/","Write a unique agent article with original screenshots, local examples, FAQ, and internal links. Do not reuse the same article structure across domains."
52,"K1 Agent Notes","faq","k1 game bonus FAQ update","/guides/k1-game-bonus-faq-update/","Write a unique agent article with original screenshots, local examples, FAQ, and internal links. Do not reuse the same article structure across domains."
